{
    "DIGHEM":{
        "type": "frequency",
        "flag": "CP",
        "channel_start_index": 0,
        "channels": {"CPI900": 900, "CPI7200": 7200, "CPI56K": 56000, "CPQ900": 900, "CPQ7200": 7200, "CPQ56K": 56000
        },
        "components": {
            "CPI900": "real", "CPQ900": "imag", "CPI7200": "real",  "CPQ7200": "imag", "CPI56K": "real", "CPQ56K": "imag"
        },
        "rx_offsets": [
            [8, 0, 0], [8, 0, 0], [6.3, 0, 0], [8, 0, 0], [8, 0, 0], [6.3, 0, 0]
        ],
        "uncertainty": [
            [0.0, 2], [0.0, 10], [0.0, 30], [0.0, 2], [0.0, 10], [0.0, 30]
        ],
        "tx_specs": {
            "type": "VMD",
            "a": 1.0,
            "I": 1.0
        },
        "normalization": "ppm"
    },
    "skytem2018":{
        "type": "time",
        "flag": "HM",
        "channel_start_index": 10,
        "channels": {
            "[1]": -1.7850000e-06, "[2]": 2.8500000e-07, "[3]": 1.7150000e-06, "[4]": 3.7150000e-06, "[5]": 5.7150000e-06, "[6]": 7.7150000e-06, "[7]": 9.7150000e-06, "[8]": 1.2215000e-05, "[9]": 1.5715000e-05, "[10]": 2.0215000e-05, "[11]": 2.5715000e-05, "[12]": 3.2715000e-05, "[13]": 4.1715000e-05, "[14]": 5.3215000e-05, "[15]": 6.7715000e-05, "[16]": 8.5715000e-05, "[17]": 1.0821500e-04, "[18]": 1.3621500e-04, "[19]": 1.7171500e-04, "[20]": 2.1721500e-04, "[21]": 2.7421500e-04, "[22]": 3.4621500e-04, "[23]": 4.3721500e-04, "[24]": 5.5121500e-04, "[25]": 6.9521500e-04, "[26]": 8.7671500e-04, "[27]": 1.1052150e-03, "[28]": 1.3937150e-03, "[29]": 1.7577150e-03, "[30]": 2.2162150e-03, "[31]": 2.7947150e-03, "[32]": 3.5137150e-03, "[33]": 4.3937150e-03, "[34]": 5.4702150e-03, "[35]": 6.7887150e-03, "[36]": 8.4027150e-03, "[37]": 1.0380715e-02
        },
        "uncertainty": [
            [0.1, 1e-2],[0.1, 1e-2],[0.1, 1e-2],[0.1, 1e-2],[0.1, 1e-2],[0.1, 1e-2],[0.1, 1e-2],[0.1, 1e-2],[0.1, 1e-2],[0.1, 1e-2],[0.1, 1e-2],[0.1, 1e-2],[0.1, 1e-2],[0.1, 1e-2],[0.1, 1e-2],[0.1, 1e-2],[0.1, 1e-2],[0.1, 1e-2],[0.1, 1e-2],[0.1, 1e-2],[0.1, 1e-2],[0.1, 1e-2],[0.1, 1e-2],[0.1, 1e-2],[0.1, 1e-2],[0.1, 1e-2],[0.1, 1e-2],[0.1, 1e-2],[0.1, 1e-2],[0.1, 1e-2],[0.1, 1e-2],[0.1, 1e-2],[0.1, 1e-2],[0.1, 1e-2],[0.1, 1e-2],[0.1, 1e-2],[0.1, 1e-2],[0.1, 1e-2],[0.1, 1e-2]
        ],
        "waveform": [
            [-4.00e-03,  1.00e-08],[-3.90e-03,  1.11e-01],[-3.80e-03,  2.22e-01],[-3.70e-03,  3.33e-01],[-3.60e-03,  4.44e-01],[-3.50e-03,  5.55e-01],[-3.40e-03,  6.66e-01],[-3.30e-03,  7.77e-01],[-3.20e-03,  8.88e-01],[-3.10e-03,  1.00e+00],[-3.00e-03,  1.00e+00],[-2.90e-03,  1.00e+00],[-2.80e-03,  1.00e+00],[-2.70e-03,  1.00e+00],[-2.60e-03,  1.00e+00],[-2.50e-03,  1.00e+00],[-2.40e-03,  1.00e+00],[-2.30e-03,  1.00e+00],[-2.20e-03,  1.00e+00],[-2.10e-03,  1.00e+00],[-2.00e-03,  1.00e+00],[-1.90e-03,  1.00e+00],[-1.80e-03,  1.00e+00],[-1.70e-03,  1.00e+00],[-1.60e-03,  1.00e+00],[-1.50e-03,  1.00e+00],[-1.40e-03,  1.00e+00],[-1.30e-03,  1.00e+00],[-1.20e-03,  1.00e+00],[-1.10e-03,  1.00e+00],[-1.00e-03,  1.00e+00],[-9.00e-04,  9.00e-01],[-8.00e-04,  8.00e-01],[-7.00e-04,  7.00e-01],[-6.00e-04,  6.00e-01],[-5.00e-04,  5.00e-01],[-4.00e-04,  4.00e-01],[-3.00e-04,  3.00e-01],[-2.00e-04,  2.00e-01],[-1.00e-04,  1.00e-01],
            [ 0.00e-00,  0.00e+00],[ 2.00e-05,  0.00e+00],[ 4.00e-05,  0.00e+00],[ 6.00e-05,  0.00e+00],[ 8.00e-05,  0.00e+00],[ 1.00e-04,  0.00e+00],[ 1.20e-04,  0.00e+00],[ 1.40e-04,  0.00e+00],[ 1.60e-04,  0.00e+00],[ 1.80e-04,  0.00e+00],[ 2.00e-04,  0.00e+00],[ 2.60e-04,  0.00e+00],[ 3.20e-04,  0.00e+00],[ 3.80e-04,  0.00e+00],[ 4.40e-04,  0.00e+00],[ 5.00e-04,  0.00e+00],[ 5.60e-04,  0.00e+00],[ 6.20e-04,  0.00e+00],[ 6.80e-04,  0.00e+00],[ 7.40e-04,  0.00e+00],[ 8.00e-04,  0.00e+00],[ 8.60e-04,  0.00e+00],[ 9.20e-04,  0.00e+00],[ 9.80e-04,  0.00e+00],[ 1.04e-03,  0.00e+00],[ 1.10e-03,  0.00e+00],[ 1.16e-03,  0.00e+00],[ 1.20e-03,  0.00e+00],[ 1.70e-03,  0.00e+00],[ 2.20e-03,  0.00e+00],[ 2.70e-03,  0.00e+00],[ 3.20e-03,  0.00e+00],[ 3.70e-03,  0.00e+00],[ 4.20e-03,  0.00e+00],[ 4.70e-03,  0.00e+00],[ 5.20e-03,  0.00e+00],[ 5.70e-03,  0.00e+00],[ 6.20e-03,  0.00e+00],[ 6.70e-03,  0.00e+00],[ 7.20e-03,  0.00e+00],[ 7.70e-03,  0.00e+00],[ 8.20e-03,  0.00e+00],[ 8.70e-03,  0.00e+00],[ 9.20e-03,  0.00e+00],[ 9.70e-03,  0.00e+00],[ 1.02e-02,  0.00e+00],[ 1.07e-02,  0.00e+00]
        ],
        "tx_specs": {
            "type": "CircularLoop",
            "a": 10.4,
            "I": 1.0
        },
        "rx_offsets": [[-13.25, 0 ,0]],
        "normalization": [342, 1e-12]
    },
    "VTEM_2007": {
        "type": "time",
        "flag": "Sf",
        "channel_start_index": 9,
        "channels": {
            "[1]": 0e+1, "[2]": 0e+1, "[3]": 0e+1, "[4]": 0e+1, "[5]": 0e+1, "[6]": 0e+1, "[7]": 0e+1, "[8]": 0e+1, "[9]": 99e-6, "[10]": 120e-6, "[11]": 141e-6, "[12]": 167e-6, "[13]": 198e-6, "[14]": 234e-6, "[15]": 281e-6, "[16]": 339e-6, "[17]": 406e-6, "[18]": 484e-6, "[19]": 573e-6, "[20]": 682e-6, "[21]": 818e-6, "[22]": 974e-6, "[23]": 1151e-6, "[24]": 1370e-6, "[25]": 1641e-6, "[26]": 1953e-6, "[27]": 2307e-6, "[28]": 2745e-6, "[29]": 3286e-6, "[30]": 3911e-6, "[31]": 4620e-6, "[32]": 5495e-6, "[33]": 6578e-6, "[34]": 7828e-6, "[35]": 9245e-6
        },
        "uncertainty": [
            [0.1, 5e-4],[0.1, 5e-4],[0.1, 5e-4],[0.1, 5e-4],[0.1, 5e-4],[0.1, 5e-4],[0.1, 5e-4],[0.1, 5e-4],[0.1, 5e-4],[0.1, 5e-4],[0.1, 5e-4],[0.1, 5e-4],[0.1, 5e-4],[0.1, 5e-4],[0.1, 5e-4],[0.1, 5e-4],[0.1, 5e-4],[0.1, 5e-4],[0.1, 5e-4],[0.1, 5e-4],[0.1, 5e-4],[0.1, 5e-4],[0.1, 5e-4],[0.1, 5e-4],[0.1, 5e-4],[0.1, 5e-4],[0.1, 5e-4],[0.1, 5e-4],[0.1, 5e-4],[0.1, 5e-4],[0.1, 5e-4],[0.1, 5e-4],[0.1, 5e-4],[0.1, 5e-4],[0.1, 5e-4]
        ],